City_ID,City,Lat,Lng,Max Temp,Humidity,Cloudiness,Wind Speed,Country,Date
0,yellowknife,62.456,-114.3525,-18.58,78,20,4.63,CA,1667702178
1,luanda,-8.8368,13.2343,25.0,88,75,2.06,AO,1667702525
2,russkaya polyana,49.417,31.9201,2.91,83,89,3.37,UA,1667702526
3,putyatino,54.16,41.1169,0.58,78,100,1.8,RU,1667702527
4,kapaa,22.0752,-159.319,28.99,78,40,7.2,US,1667702425
5,ushuaia,-54.8,-68.3,7.81,93,0,5.14,AR,1667702439
6,amatitan,20.8333,-103.7167,16.64,51,0,1.31,MX,1667702528
7,dauphin,51.1494,-100.0502,3.08,81,100,8.23,CA,1667702528
8,cabo san lucas,22.8909,-109.9124,24.17,63,0,1.34,MX,1667702481
9,jinzhou,41.1078,121.1417,12.65,24,100,2.74,CN,1667702529
10,atuona,-9.8,-139.0333,25.05,73,13,6.91,PF,1667702529
11,rikitea,-23.1203,-134.9692,21.92,75,37,7.37,PF,1667702425
12,richards bay,-28.783,32.0377,19.82,86,57,3.48,ZA,1667702530
13,butaritari,3.0707,172.7902,26.6,74,55,3.73,KI,1667702449
14,faya,18.3851,42.4509,13.06,88,3,1.05,SA,1667702531
15,minbu,20.1833,94.8833,27.7,60,0,2.0,MM,1667702532
16,hermanus,-34.4187,19.2345,16.56,92,4,4.22,ZA,1667702426
17,salalah,17.0151,54.0924,25.05,78,0,1.03,OM,1667702532
18,leh,34.1667,77.5833,-0.5,62,52,2.03,IN,1667702533
19,busselton,-33.65,115.3333,21.83,42,6,2.48,AU,1667702420
20,bud,39.447,-86.1758,15.01,72,32,3.72,US,1667702534
21,upernavik,72.7868,-56.1549,-5.92,71,100,8.43,GL,1667702386
22,esperance,-33.8667,121.9,19.29,57,4,6.31,AU,1667702451
23,brandon,27.9378,-82.2859,26.04,87,0,1.54,US,1667702535
24,langsa,4.4683,97.9683,28.85,71,100,0.6,ID,1667702536
25,denpasar,-8.65,115.2167,30.81,70,40,3.09,ID,1667702326
26,mar del plata,-38.0023,-57.5575,16.08,88,0,5.81,AR,1667702442
27,georgetown,5.4112,100.3354,29.94,83,20,1.54,MY,1667702452
28,high prairie,55.4334,-116.4858,-11.37,74,100,4.07,CA,1667702538
29,hobart,-42.8794,147.3294,24.47,44,0,4.63,AU,1667702196
30,athmallik,20.7219,84.5348,24.14,65,2,0.63,IN,1667702538
31,thompson,55.7435,-97.8558,-1.91,93,100,3.09,CA,1667702424
32,zhaotong,27.3167,103.7167,14.09,69,1,2.76,CN,1667702540
33,champerico,14.3,-91.9167,26.82,79,68,2.51,GT,1667702541
34,albany,42.6001,-73.9662,20.23,75,96,2.24,US,1667702253
35,cape town,-33.9258,18.4232,16.73,85,0,5.36,ZA,1667702246
36,jamestown,42.097,-79.2353,22.77,69,20,8.75,US,1667702406
37,lagoa,39.05,-27.9833,17.63,77,38,5.09,PT,1667702543
38,kavieng,-2.5744,150.7967,29.41,70,75,3.58,PG,1667702543
39,saskylakh,71.9167,114.0833,-30.64,100,100,1.11,RU,1667702456
40,avarua,-21.2078,-159.775,25.03,69,20,4.63,CK,1667702544
41,alyangula,-13.8483,136.4192,30.55,60,12,2.0,AU,1667702545
42,ribeira grande,38.5167,-28.7,15.99,80,73,1.34,PT,1667702446
43,longyearbyen,78.2186,15.6401,0.91,69,75,6.69,SJ,1667702546
44,puerto ayora,-0.7393,-90.3518,18.79,78,15,4.54,EC,1667702345
45,fare,-16.7,-151.0167,25.98,86,100,13.16,PF,1667702547
46,gat,31.61,34.7642,19.67,100,0,1.25,IL,1667702491
47,verkhoyansk,67.5447,133.385,-21.66,95,100,1.23,RU,1667702548
48,siguiri,11.6667,-9.5,22.34,44,8,0.62,GN,1667702549
49,sakaiminato,35.55,133.2333,13.99,82,20,1.54,JP,1667702550
50,souillac,-20.5167,57.5167,21.21,88,40,1.54,MU,1667702551
51,faanui,-16.4833,-151.75,26.1,82,100,13.04,PF,1667702447
52,saint-philippe,-21.3585,55.7679,22.77,79,68,3.67,RE,1667702551
53,tiksi,71.6872,128.8694,-17.7,96,100,4.12,RU,1667702552
54,mataura,-46.1927,168.8643,16.14,43,18,2.96,NZ,1667702435
55,castro,-24.7911,-50.0119,8.3,98,14,2.57,BR,1667702553
56,victoria,22.2855,114.1577,22.36,84,94,3.58,HK,1667702390
57,narsaq,60.9167,-46.05,1.12,88,100,2.74,GL,1667702553
58,warren,39.4334,-84.1666,20.96,69,75,6.17,US,1667702308
59,nikolskoye,59.7035,30.7861,-0.05,72,100,4.82,RU,1667702441
60,wilmington,34.2257,-77.9447,22.95,82,0,2.57,US,1667702420
61,farafangana,-22.8167,47.8333,22.33,88,96,3.33,MG,1667702554
62,sawtell,-30.3833,153.1,22.88,68,100,4.12,AU,1667702476
63,east london,-33.0153,27.9116,18.0,80,28,1.92,ZA,1667702388
64,severo-kurilsk,50.6789,156.125,4.07,85,100,4.78,RU,1667702555
65,anzio,41.4853,12.6179,14.52,68,3,6.98,IT,1667702556
66,valparaiso,-33.0393,-71.6273,11.8,82,0,2.06,CL,1667702510
67,ratnagiri,16.9833,73.3,26.89,59,97,4.2,IN,1667702556
68,hilo,19.7297,-155.09,26.85,75,0,4.12,US,1667702333
69,barrow,71.2906,-156.7887,-15.99,85,0,5.14,US,1667702421
70,nanortalik,60.1432,-45.2371,1.61,86,100,5.13,GL,1667702558
71,klaksvik,62.2266,-6.589,5.51,84,100,7.48,FO,1667702558
72,vuktyl,63.8567,57.3094,-3.39,97,100,1.8,RU,1667702559
73,punta arenas,-53.15,-70.9167,12.06,62,0,4.63,CL,1667702420
74,putina,-15.4667,-69.4333,6.4,73,1,3.6,PE,1667702559
75,ostrovnoy,68.0531,39.5131,2.37,82,99,7.52,RU,1667702560
76,krasnoselkup,65.7,82.4667,-5.01,97,100,2.06,RU,1667702561
77,leningradskiy,69.3833,178.4167,-8.48,89,100,8.49,RU,1667702561
78,presidencia roque saenz pena,-26.7852,-60.4388,17.49,47,16,2.75,AR,1667702562
79,avila,40.5833,-5.0,4.25,34,6,2.1,ES,1667702562
80,rindal,63.0565,9.2124,5.14,88,75,0.93,NO,1667702563
81,port macquarie,-31.4333,152.9167,23.83,64,91,4.39,AU,1667702563
82,oistins,13.0667,-59.5333,25.05,88,75,9.77,BB,1667702564
83,tuatapere,-46.1333,167.6833,13.66,56,68,4.76,NZ,1667702565
84,chuy,-33.6971,-53.4616,14.36,90,0,3.91,UY,1667702566
85,san isidro,-12.1167,-77.05,16.77,77,0,5.66,PE,1667702567
86,ancud,-41.8697,-73.8203,10.25,88,62,2.85,CL,1667702568
87,atoka,34.4001,-96.0169,10.95,71,3,5.33,US,1667702568
88,toronto,43.7001,-79.4163,22.42,69,75,7.72,CA,1667702138
89,dalnerechensk,45.9339,133.7225,3.29,37,5,4.75,RU,1667702365
90,verkhnevilyuysk,63.4453,120.3167,-19.11,94,93,1.93,RU,1667702570
91,flinders,-34.5833,150.8552,24.54,65,43,2.68,AU,1667702571
92,antipovka,49.8299,45.3122,2.55,97,100,2.89,RU,1667702572
93,kodiak,57.79,-152.4072,-1.27,43,0,9.26,US,1667702573
94,bredasdorp,-34.5322,20.0403,14.84,96,2,2.07,ZA,1667702384
95,eldama ravine,0.0516,35.7308,12.69,93,57,0.24,KE,1667702574
96,lebu,-37.6167,-73.65,10.18,90,3,2.48,CL,1667702447
97,kutahya,39.4242,29.9833,8.76,49,0,1.54,TR,1667702575
98,provideniya,64.3833,-173.3,1.75,99,100,7.71,RU,1667702576
99,yar-sale,66.8333,70.8333,-8.68,89,100,1.06,RU,1667702576
100,hayden,47.766,-116.7866,3.6,68,0,2.06,US,1667702403
101,goure,13.9835,10.2704,20.49,20,75,3.45,NE,1667702577
102,ushtobe,45.2514,77.9838,9.28,83,100,2.16,KZ,1667702578
103,pochutla,15.7432,-96.4661,26.9,91,94,1.67,MX,1667702578
104,bambous virieux,-20.3428,57.7575,24.01,88,40,1.54,MU,1667702579
105,mitu,1.1983,-70.1733,22.17,82,83,0.44,CO,1667702580
106,kuklis,41.4053,22.6653,13.65,79,100,3.99,MK,1667702580
107,okha,53.5739,142.9478,-2.4,71,100,9.47,RU,1667702581
108,thinadhoo,0.5333,72.9333,27.45,75,63,4.55,MV,1667702582
109,pontianak,-0.0333,109.3333,26.99,83,40,2.57,ID,1667702433
110,wencheng,33.0559,113.7978,18.8,48,9,2.55,CN,1667702583
111,cairns,-16.9167,145.7667,29.97,58,17,7.2,AU,1667702453
112,tuktoyaktuk,69.4541,-133.0374,-14.0,78,75,9.26,CA,1667702431
113,ilo,-17.6394,-71.3375,16.73,81,71,3.19,PE,1667702583
114,port pirie,-33.1833,138.0167,27.26,26,99,2.0,AU,1667702584
115,broken hill,-31.95,141.4333,25.88,21,64,1.79,AU,1667702585
116,mandalgovi,45.7625,106.2708,0.19,40,93,5.35,MN,1667702585
117,hamilton,39.1834,-84.5333,21.08,73,75,6.69,US,1667702122
118,matamoros,25.5333,-103.25,19.5,29,0,1.39,MX,1667702587
119,solnechnyy,50.7214,136.6319,-2.18,31,2,1.02,RU,1667702588
120,wajima,37.4,136.9,11.38,87,75,2.57,JP,1667702589
121,healdsburg,38.6105,-122.8692,16.66,86,100,2.06,US,1667702473
122,makariv,50.4641,29.8113,5.1,84,100,5.66,UA,1667702590
123,lundazi,-12.2929,33.1782,19.17,62,4,2.47,ZM,1667702590
124,tadine,-21.55,167.8833,27.17,70,39,3.38,NC,1667702591
125,zaria,11.1113,7.7227,19.12,29,100,3.01,NG,1667702592
126,santa rosa,14.3122,121.1114,30.06,75,64,3.79,PH,1667702592
127,bethel,41.3712,-73.414,19.16,81,75,3.09,US,1667702427
128,port alfred,-33.5906,26.891,18.72,77,42,1.6,ZA,1667702428
129,port elizabeth,-33.918,25.5701,16.72,94,0,1.03,ZA,1667702078
130,asyut,27.181,31.1837,16.1,55,75,2.33,EG,1667702594
131,torbay,47.6666,-52.7314,12.64,88,75,7.72,CA,1667702137
132,natal,-5.795,-35.2094,26.36,78,40,3.09,BR,1667702361
133,empalme,27.9667,-110.8167,20.19,34,0,2.93,MX,1667702595
134,carnarvon,-24.8667,113.6333,21.76,61,24,8.03,AU,1667702429
135,sao filipe,14.8961,-24.4956,26.34,65,100,2.49,CV,1667702595
136,rawson,-43.3002,-65.1023,20.04,48,99,11.59,AR,1667702450
137,pisco,-13.7,-76.2167,16.12,82,0,6.69,PE,1667702596
138,vaini,-21.2,-175.2,26.09,73,40,5.14,TO,1667702423
139,hambantota,6.1241,81.1185,25.19,100,40,1.54,LK,1667702597
140,springfield,37.2153,-93.2982,9.99,68,0,5.66,US,1667702525
141,gornopravdinsk,60.05,69.9,-2.98,95,100,3.43,RU,1667702597
142,chichester,50.8367,-0.78,15.0,98,100,3.13,GB,1667702598
143,meulaboh,4.1363,96.1285,27.28,74,96,0.86,ID,1667702599
144,ust-nera,64.5667,143.2,-20.17,96,100,2.8,RU,1667702600
145,hobyo,5.3505,48.5268,26.33,72,19,3.25,SO,1667702600
146,mokhsogollokh,61.4681,128.9203,-12.14,83,81,3.2,RU,1667702601
147,tura,25.5198,90.2201,23.92,72,0,0.66,IN,1667702602
148,waipawa,-41.4122,175.5153,13.31,60,71,4.21,NZ,1667702602
149,cockburn town,21.4612,-71.1419,26.21,74,77,8.94,TC,1667702390
150,xichang,27.8964,102.2634,15.95,72,32,0.94,CN,1667702603
151,kargopol,61.5071,38.9456,-4.1,95,94,2.43,RU,1667702604
152,axim,4.8699,-2.2405,25.11,88,78,2.24,GH,1667702605
153,hithadhoo,-0.6,73.0833,27.38,74,100,3.82,MV,1667702475
154,mayo,38.8876,-76.5119,22.32,87,20,6.69,US,1667702605
155,bukama,-9.2,25.85,19.7,98,100,1.72,CD,1667702606
156,bushehr,28.9684,50.8385,19.05,55,0,0.0,IR,1667702606
157,geraldton,-28.7667,114.6,22.23,49,0,6.69,AU,1667702343
158,les cayes,18.2,-73.75,23.87,83,11,1.33,HT,1667702607
159,new norfolk,-42.7826,147.0587,24.28,38,65,1.79,AU,1667702571
160,bambanglipuro,-7.95,110.2833,27.86,77,93,3.72,ID,1667702608
161,hare bay,48.8499,-54.0148,12.64,87,100,2.69,CA,1667702608
162,cap malheureux,-19.9842,57.6142,24.15,74,9,1.79,MU,1667702609
163,nemuro,43.3236,145.575,8.35,56,32,5.09,JP,1667702469
164,kiunga,-6.1219,141.2906,31.33,59,99,1.33,PG,1667702609
165,kichera,55.9375,110.0997,-3.57,72,48,0.75,RU,1667702610
166,fruitvale,39.0817,-108.4968,7.96,76,75,0.89,US,1667702611
167,codrington,-38.2667,141.9667,21.69,58,49,1.86,AU,1667702611
168,isangel,-19.55,169.2667,31.06,62,47,3.6,VU,1667702612
169,bluff,-46.6,168.3333,12.34,61,58,5.56,NZ,1667702459
170,fowa,8.9167,6.4,22.16,45,100,1.52,NG,1667702613
171,tual,-5.6667,132.75,29.1,72,100,3.83,ID,1667702613
172,pio xii,-3.8325,-45.1525,23.9,89,99,1.32,BR,1667702614
173,coahuayana,18.7333,-103.6833,23.75,95,17,0.84,MX,1667702614
174,kantang,7.4054,99.5156,27.05,89,20,2.06,TH,1667702615
175,juneau,58.3019,-134.4197,-0.99,76,20,4.12,US,1667702336
176,saint-pierre,-21.3393,55.4781,22.82,60,0,2.06,RE,1667702477
177,vaiano,43.949,11.1232,11.04,81,10,2.55,IT,1667702616
178,nome,64.5011,-165.4064,-0.96,70,100,6.69,US,1667702616
179,nara,34.6851,135.8049,18.31,46,21,1.6,JP,1667702617
180,sorland,67.667,12.6934,8.92,86,100,5.22,NO,1667702573
181,sola,-13.8833,167.55,25.37,89,8,0.0,VU,1667702618
182,port hedland,-20.3167,118.5667,30.03,45,55,7.2,AU,1667702620
183,arraial do cabo,-22.9661,-42.0278,19.8,73,6,3.31,BR,1667702454
184,usinsk,65.9939,57.5281,0.61,98,100,5.0,RU,1667702620
185,tomatlan,19.9333,-105.25,21.04,94,0,1.36,MX,1667702621
186,khatanga,71.9667,102.5,-28.75,100,40,2.86,RU,1667702430
187,mount gambier,-37.8333,140.7667,23.29,42,18,2.74,AU,1667702622
188,skibbereen,51.55,-9.2667,12.28,85,71,9.42,IE,1667702622
189,haines junction,60.7522,-137.5108,-12.03,48,100,3.09,CA,1667702623
190,taraz,42.9,71.3667,5.23,100,100,2.0,KZ,1667702475
191,paragominas,-2.9667,-47.4833,22.2,98,100,1.14,BR,1667702624
192,hasaki,35.7333,140.8333,17.94,54,100,6.5,JP,1667702624
193,tasiilaq,65.6145,-37.6368,0.09,90,100,1.79,GL,1667702625
194,itacarambi,-15.1022,-44.0919,21.2,69,92,1.02,BR,1667702625
195,fort nelson,58.8053,-122.7002,-12.23,86,100,3.6,CA,1667702592
196,los llanos de aridane,28.6585,-17.9182,18.86,77,40,4.12,ES,1667702344
197,puerto quijarro,-17.7833,-57.7667,21.02,46,0,1.36,BO,1667702626
198,qaanaaq,77.484,-69.3632,-14.33,74,100,5.04,GL,1667702424
199,ponta do sol,32.6667,-17.1,20.4,87,25,1.74,PT,1667702626
200,saint anthony,45.0205,-93.218,4.45,92,0,3.09,US,1667702628
201,pacureti,45.15,26.1333,14.01,84,100,4.64,RO,1667702628
202,humaita,-7.5061,-63.0208,24.38,59,7,0.41,BR,1667702629
203,iqaluit,63.7506,-68.5145,-8.15,79,100,1.54,CA,1667702629
204,taltal,-25.4,-70.4833,15.56,79,6,1.36,CL,1667702630
205,tateyama,34.9833,139.8667,18.94,59,100,5.65,JP,1667702631
206,nenjiang,49.1833,125.2167,1.0,43,0,1.86,CN,1667702632
207,comodoro rivadavia,-45.8667,-67.5,12.92,88,0,1.54,AR,1667702632
208,oussouye,12.485,-16.5469,25.0,63,85,1.88,SN,1667702633
209,tsiroanomandidy,-18.7667,46.0333,19.69,88,94,0.79,MG,1667702633
210,sungairaya,0.7,108.9,27.36,77,100,3.32,ID,1667702634
211,abalak,58.1286,68.5944,-2.74,93,96,3.99,RU,1667702634
212,college,64.8569,-147.8028,-15.57,87,20,0.0,US,1667702634
213,evensk,61.95,159.2333,-5.03,95,100,2.39,RU,1667702635
214,marathon,44.9,-89.7668,5.74,93,100,7.2,US,1667702635
215,khandyga,62.6667,135.6,-15.65,92,100,1.81,RU,1667702636
216,yeniseysk,58.4497,92.1703,-1.33,94,100,2.07,RU,1667702636
217,katsuura,35.1333,140.3,16.6,64,100,6.89,JP,1667702586
218,port blair,11.6667,92.75,29.02,65,40,2.06,IN,1667702637
219,nantucket,41.2835,-70.0995,18.08,94,0,5.66,US,1667702638
220,raga,8.4596,25.678,22.09,44,30,0.41,SS,1667702639
221,chapais,49.7834,-74.8492,8.88,84,100,7.08,CA,1667702639
222,taoudenni,22.6783,-3.9836,22.98,14,0,4.59,ML,1667702458
223,bilibino,68.0546,166.4372,-5.29,96,100,2.3,RU,1667702639
224,rauma,61.1272,21.5113,4.02,85,100,5.72,FI,1667702640
225,lakatoro,-16.0999,167.4164,28.53,69,27,2.57,VU,1667702640
226,tulun,54.5611,100.5792,0.68,71,100,1.15,RU,1667702641
227,salinopolis,-0.6136,-47.3561,25.72,83,92,3.21,BR,1667702641
228,paamiut,61.994,-49.6678,-0.47,91,100,9.79,GL,1667702628
229,rincon,32.296,-81.2354,22.7,88,100,1.54,US,1667702642
230,nuuk,64.1835,-51.7216,-2.66,93,75,3.09,GL,1667702643
231,mendi,-6.1761,143.6513,17.64,91,92,1.28,PG,1667702644
232,leticia,-4.2153,-69.9406,24.03,88,0,0.0,CO,1667702644
233,airai,-8.9266,125.4092,25.52,44,99,1.13,TL,1667702645
234,kruisfontein,-34.0033,24.7314,15.49,92,33,1.65,ZA,1667702646
235,camacha,33.0833,-16.3333,17.68,88,75,1.54,PT,1667702646
236,pevek,69.7008,170.3133,-1.3,90,100,10.68,RU,1667702476
237,lorengau,-2.0226,147.2712,28.96,74,26,1.7,PG,1667702647
238,lakes entrance,-37.8811,147.981,18.11,63,65,2.5,AU,1667702648
239,namtsy,62.7161,129.6658,-18.17,94,93,1.68,RU,1667702648
240,luderitz,-26.6481,15.1594,16.56,81,75,3.11,NA,1667702649
241,kavaratti,10.5669,72.642,27.11,78,55,3.63,IN,1667702650
242,mehamn,71.0357,27.8492,4.97,81,100,5.14,NO,1667702449
243,bom jardim,-7.7958,-35.5872,22.17,90,100,1.65,BR,1667702651
244,darnah,32.767,22.6367,18.98,48,6,11.98,LY,1667702651
245,vardo,70.3705,31.1107,4.99,87,100,9.77,NO,1667702619
246,daru,-9.0763,143.2092,28.11,80,100,5.24,PG,1667702652
247,sur,22.5667,59.5289,26.26,55,75,3.07,OM,1667702640
248,dikson,73.5069,80.5464,-8.6,94,96,5.5,RU,1667702451
249,tazovskiy,67.4667,78.7,-8.26,93,100,3.11,RU,1667702654
250,auki,-8.7676,160.7034,28.48,73,79,2.46,SB,1667702655
251,brae,60.3964,-1.353,7.76,82,96,0.48,GB,1667702656
252,kemijarvi,66.7131,27.4306,-0.9,89,100,2.97,FI,1667702656
253,goderich,43.7501,-81.7165,17.18,77,100,11.32,CA,1667702656
254,vostok,46.4856,135.8833,-1.58,32,0,5.21,RU,1667702657
255,dingle,10.9995,122.6711,29.98,71,46,4.54,PH,1667702658
256,challapata,-18.9,-66.7667,8.3,35,0,2.85,BO,1667702658
257,asau,46.4333,26.4,10.71,95,100,1.81,RO,1667702659
258,rio grande,-32.035,-52.0986,16.36,82,0,5.77,BR,1667702660
259,kahului,20.8947,-156.47,29.01,63,40,7.72,US,1667702660
260,mormugao,15.4,73.8,25.59,83,57,1.03,IN,1667702661
261,komsomolskiy,40.4272,71.7189,8.4,87,90,2.06,UZ,1667702434
262,lompoc,34.6391,-120.4579,15.01,89,0,5.66,US,1667702662
263,esil,51.9556,66.4042,-3.58,83,70,4.86,KZ,1667702663
264,santa maria,-29.6842,-53.8069,16.61,72,0,5.14,BR,1667702573
265,sunland park,31.7965,-106.58,17.63,27,0,2.57,US,1667702664
266,vung tau,10.346,107.0843,26.57,78,100,2.67,VN,1667702572
267,nekhayevskiy,50.4106,41.7561,1.76,78,100,2.63,RU,1667702664
268,linhares,-19.3911,-40.0722,19.51,76,43,3.62,BR,1667702665
269,verkhnyaya inta,65.9811,60.3094,-4.05,96,100,6.84,RU,1667702665
270,khorramshahr,30.4397,48.1664,15.98,63,40,0.0,IR,1667702665
271,vila velha,-20.3297,-40.2925,20.97,83,20,3.09,BR,1667702666
272,bayonet point,28.3267,-82.6834,25.55,88,98,4.15,US,1667702666
273,ambon,-3.6954,128.1814,31.08,66,40,2.57,ID,1667702667
274,zima,53.9202,102.0442,-0.76,78,97,1.52,RU,1667702668
275,fomboni,-12.28,43.7425,25.72,77,87,7.23,KM,1667702668
276,acarau,-2.8856,-40.12,25.39,86,98,3.6,BR,1667702655
277,san ramon de la nueva oran,-23.1322,-64.326,20.79,40,1,0.94,AR,1667702434
278,kroya,-7.6331,109.2461,26.97,81,99,2.46,ID,1667702662
279,laguna,38.421,-121.4238,16.16,81,100,3.6,US,1667702669
280,oriximina,-1.7656,-55.8661,23.98,86,94,1.41,BR,1667702670
281,aksu,41.1231,80.2644,10.03,32,71,0.73,CN,1667702670
282,chokurdakh,70.6333,147.9167,-13.69,97,100,1.88,RU,1667702449
283,pundaguitan,6.3711,126.1689,28.23,76,100,1.46,PH,1667702671
284,san quintin,30.4833,-115.95,17.12,67,8,4.29,MX,1667702672
285,yumen,40.2833,97.2,6.58,25,71,5.81,CN,1667702672
286,bathsheba,13.2167,-59.5167,25.34,88,75,9.77,BB,1667702673
287,guerrero negro,27.9769,-114.0611,18.63,63,0,4.74,MX,1667702451
288,fortuna,40.5982,-124.1573,11.48,100,100,1.21,US,1667702578
289,chara,56.9064,118.2631,-6.65,70,20,2.13,RU,1667702673
290,staunton,38.1496,-79.0717,21.05,65,100,6.69,US,1667702453
291,kandrian,-6.2167,149.55,29.59,67,80,3.84,PG,1667702675
292,barra patuca,15.8,-84.2833,26.25,77,99,3.57,HN,1667702675
293,mahebourg,-20.4081,57.7,24.03,88,40,1.54,MU,1667702677
294,sorong,-0.8833,131.25,28.39,78,23,2.53,ID,1667702678
295,takoradi,4.8845,-1.7554,25.35,86,63,2.22,GH,1667702678
296,half moon bay,37.4636,-122.4286,16.68,90,100,2.06,US,1667702679
297,kangaba,11.9333,-8.4167,22.47,37,40,0.44,ML,1667702679
298,coos bay,43.3665,-124.2179,9.99,99,100,0.73,US,1667702383
299,jiuquan,39.7432,98.5174,7.09,26,55,1.32,CN,1667702680
300,bhola,22.6833,90.65,25.07,63,0,1.22,BD,1667702681
301,dubrovnik,42.6481,18.0922,15.8,55,0,9.77,HR,1667702681
302,maceio,-9.6658,-35.7353,23.69,94,75,3.09,BR,1667702682
303,bandarbeyla,9.4942,50.8122,25.24,77,18,3.14,SO,1667702683
304,rovaniemi,66.5,25.7167,-0.33,93,100,5.66,FI,1667702684
305,poya,-21.35,165.15,28.62,68,50,3.7,NC,1667702684
306,vestmannaeyjar,63.4427,-20.2734,6.44,72,96,7.6,IS,1667702685
307,shrirampur,22.7528,88.3422,25.96,69,0,2.57,IN,1667702686
308,aksehir,38.3575,31.4164,10.28,49,0,2.13,TR,1667702686
309,mazara del vallo,37.6641,12.588,19.97,61,0,12.04,IT,1667702493
310,apt,43.8833,5.4,5.99,59,49,2.39,FR,1667702687
311,beloha,-25.1667,45.05,23.4,66,99,1.56,MG,1667702687
312,lerwick,60.1545,-1.1494,8.0,80,94,0.63,GB,1667702688
313,la ronge,55.1001,-105.2842,-2.86,80,100,8.23,CA,1667702688
314,hanko,59.8333,22.95,7.81,88,100,7.37,FI,1667702689
315,korla,41.7597,86.1469,10.88,31,100,1.25,CN,1667702689
316,clyde river,70.4692,-68.5914,-12.87,61,0,7.2,CA,1667702445
317,santiago del estero,-27.7951,-64.2615,22.1,27,11,4.55,AR,1667702690
318,port lincoln,-34.7333,135.8667,23.53,46,4,3.23,AU,1667702691
319,miri,4.4148,114.0089,30.08,70,40,1.03,MY,1667702691
320,la rioja,42.25,-2.5,-0.12,27,61,3.01,ES,1667702566
321,san patricio,28.017,-97.5169,23.92,78,0,2.99,US,1667702691
322,aswan,24.0934,32.907,18.61,39,0,1.54,EG,1667702692
323,makakilo city,21.3469,-158.0858,27.18,64,75,7.2,US,1667702693
324,muisne,0.6,-80.0333,23.01,79,96,3.49,EC,1667702694
325,zvishavane,-20.3267,30.0665,21.12,69,48,1.63,ZW,1667702694
326,caravelas,-17.7125,-39.2481,22.26,70,1,4.81,BR,1667702628
327,atar,20.5169,-13.0499,23.06,13,0,2.9,MR,1667702695
328,lavrentiya,65.5833,-171.0,-0.74,92,100,13.29,RU,1667702470
329,ovalle,-30.5983,-71.2003,15.39,68,66,0.96,CL,1667702695
330,hualmay,-11.0964,-77.6139,16.68,84,0,4.2,PE,1667702696
331,kozhevnikovo,56.2589,83.9714,-2.08,60,100,4.64,RU,1667702697
332,jaisalmer,26.9147,70.9181,25.26,27,100,4.54,IN,1667702697
333,saint george,37.1041,-113.5841,13.33,36,0,0.89,US,1667702698
334,buala,-8.145,159.5921,28.72,75,76,1.96,SB,1667702699
335,conakry,9.538,-13.6773,27.27,77,6,1.19,GN,1667702700
336,malanje,-9.5402,16.341,17.7,95,100,1.87,AO,1667702701
337,yatou,37.15,122.3833,15.6,47,14,4.74,CN,1667702702
338,berlevag,70.8578,29.0864,5.0,75,100,7.72,NO,1667702437
339,manjacaze,-24.7117,33.8828,20.68,94,99,1.28,MZ,1667702703
340,husavik,66.0449,-17.3389,2.65,91,99,3.67,IS,1667702441
341,vila franca do campo,37.7167,-25.4333,15.11,80,99,1.16,PT,1667702705
342,knysna,-34.0363,23.0471,16.67,92,38,1.62,ZA,1667702705
343,chiredzi,-21.05,31.6667,22.31,76,34,2.68,ZW,1667702705
344,ilhabela,-23.7781,-45.3581,17.56,81,32,0.83,BR,1667702706
345,marzuq,14.4,46.4667,17.15,71,0,0.5,YE,1667702706
346,norman wells,65.282,-126.8329,-13.98,78,75,6.69,CA,1667702707
347,anadyr,64.75,177.4833,2.28,93,40,7.0,RU,1667702464
348,dasoguz,41.8363,59.9666,5.97,93,0,2.06,TM,1667702708
349,polunochnoye,60.8697,60.4153,-8.42,89,100,1.85,RU,1667702709
350,itaueira,-7.6033,-43.0256,22.77,91,100,2.26,BR,1667702711
351,coquimbo,-29.9533,-71.3436,13.85,82,75,1.54,CL,1667702596
352,san rafael,-34.6177,-68.3301,22.8,25,99,4.53,AR,1667702436
353,saint john,45.2727,-66.0677,14.0,100,100,4.63,CA,1667702162
354,dudinka,69.4058,86.1778,-4.1,95,100,6.44,RU,1667702511
355,tonj,7.2737,28.6822,22.73,56,33,1.22,SS,1667702714
356,bonthe,7.5264,-12.505,25.47,82,49,0.6,SL,1667702715
357,varkaus,62.3153,27.873,-0.39,97,100,4.07,FI,1667702716
358,impfondo,1.6381,18.0667,21.05,97,98,0.96,CG,1667702716
359,saldanha,-33.0117,17.9442,14.03,91,0,4.11,ZA,1667702463
360,teguldet,57.3064,88.1667,-2.26,83,99,2.66,RU,1667702718
361,miandrivazo,-19.5167,45.4667,25.25,77,46,0.37,MG,1667702719
362,grigoropolisskaya,45.2972,41.0567,3.75,89,18,2.92,RU,1667702720
363,puerto escondido,15.85,-97.0667,27.31,80,85,2.41,MX,1667702721
364,slave lake,55.2834,-114.769,-9.01,73,100,6.17,CA,1667702721
365,sabha,27.0377,14.4283,16.29,29,0,3.58,LY,1667702722
366,portland,45.5234,-122.6762,8.32,90,20,1.79,US,1667702495
367,margate,51.3813,1.3862,14.06,93,100,2.24,GB,1667702724
368,tongchuan,35.0806,109.0897,13.51,60,31,2.58,CN,1667702725
369,bengkulu,-3.8004,102.2655,27.22,70,100,0.27,ID,1667702725
370,olden,61.8364,6.8064,7.28,95,100,2.94,NO,1667702727
371,udachnyy,66.4167,112.4,-24.63,100,100,0.44,RU,1667702727
372,mount isa,-20.7333,139.5,33.87,24,40,4.63,AU,1667702728
373,chone,-0.6833,-80.1,21.6,80,42,2.27,EC,1667702728
374,baykit,61.67,96.37,-7.54,93,100,0.72,RU,1667702729
375,whitianga,-36.8333,175.7,16.87,65,100,5.61,NZ,1667702730
376,ismailia,30.6043,32.2723,17.32,74,3,1.13,EG,1667702731
377,san cristobal,7.7669,-72.225,21.1,98,100,0.82,VE,1667702460
378,balikpapan,-1.2675,116.8289,29.55,79,40,1.54,ID,1667702732
379,itarema,-2.9248,-39.9167,25.38,86,97,3.9,BR,1667702732
380,muzhi,65.3667,64.6667,-5.22,85,87,3.85,RU,1667702733
381,masindi,1.6744,31.715,18.11,97,98,1.08,UG,1667702734
382,gloggnitz,47.6749,15.9389,6.08,92,19,2.5,AT,1667702734
383,chitral,35.8462,71.7858,9.49,73,93,1.03,PK,1667702736
384,cidreira,-30.1811,-50.2056,17.34,75,0,5.21,BR,1667702736
385,lhokseumawe,5.1801,97.1507,27.89,74,100,2.11,ID,1667702737
386,pontes e lacerda,-15.2261,-59.3353,18.96,52,0,1.16,BR,1667702738
387,trincomalee,8.5711,81.2335,27.97,72,100,4.1,LK,1667702651
388,port hardy,50.6996,-127.4199,3.1,100,100,2.57,CA,1667702739
389,gemena,3.25,19.7667,20.42,99,100,0.29,CD,1667702740
390,sakata,38.9167,139.855,12.1,82,75,2.57,JP,1667702740
391,zatoka,46.0725,30.4654,12.39,73,100,9.29,UA,1667702741
392,olga,43.7444,135.2892,6.15,31,1,3.61,RU,1667702741
393,olonets,60.9847,32.9698,-1.23,87,100,3.99,RU,1667702742
394,duluth,46.7833,-92.1066,4.64,85,100,4.63,US,1667702742
395,chateaudun,48.0833,1.3333,9.77,83,73,4.68,FR,1667702743
396,pandan,14.0453,124.1694,27.97,84,100,4.4,PH,1667702743
397,lasa,46.6166,10.7002,0.76,58,30,1.7,IT,1667702744
398,kautokeino,69.0125,23.0412,2.24,98,100,6.75,NO,1667702745
399,batagay,67.6333,134.6333,-21.23,95,100,0.99,RU,1667702745
400,olinda,-8.0089,-34.8553,24.85,83,75,3.09,BR,1667702746
401,ayagoz,47.9714,80.4392,6.04,88,100,3.82,KZ,1667702748
402,benjamin constant,-4.3831,-70.0311,24.07,83,95,0.37,BR,1667702748
403,manturovo,58.3353,44.7619,-3.88,95,24,1.49,RU,1667702749
404,mareeba,-17.0,145.4333,27.49,41,22,3.94,AU,1667702750
405,rancharia,-22.2292,-50.8931,15.64,65,87,5.93,BR,1667702750
406,grand gaube,-20.0064,57.6608,24.1,74,9,1.79,MU,1667702477
407,thurso,58.5927,-3.5259,6.14,82,30,2.94,GB,1667702724
408,kasamwa,-2.85,32.4333,19.81,81,100,1.34,TZ,1667702751
409,namatanai,-3.6667,152.4333,27.25,79,96,2.32,PG,1667702652
410,adrar,20.5022,-10.0711,21.55,16,0,2.85,MR,1667702753
411,doka,13.5167,35.7667,23.09,34,10,2.85,SD,1667702753
412,sitka,57.0531,-135.33,2.94,41,40,6.69,US,1667702621
413,el tigre,8.8875,-64.2454,23.63,72,77,1.81,VE,1667702754
414,aklavik,68.2191,-135.0107,-12.91,76,99,7.61,CA,1667702433
415,oranjemund,-28.55,16.4333,16.46,88,93,1.41,NA,1667702707
416,novoagansk,61.9449,76.6625,-9.41,98,62,1.94,RU,1667702756
417,aden,12.7794,45.0367,26.4,74,0,5.51,YE,1667702756
418,yantal,56.8471,105.2542,-3.25,84,92,2.48,RU,1667702757
419,bismarck,46.8083,-100.7837,8.26,57,0,8.75,US,1667702461
420,mandera,3.9366,41.867,24.56,77,11,4.14,KE,1667702757
421,druzhba,52.0428,33.9453,-1.23,86,48,3.22,UA,1667702758
422,dori,14.0354,-0.0345,25.35,21,80,4.01,BF,1667702759
423,sovetskiy,61.3614,63.5842,-7.42,86,97,2.42,RU,1667702759
424,dwarka,22.2394,68.9678,27.27,60,51,2.9,IN,1667702760
425,chunoyar,57.4467,97.3217,-2.22,91,100,1.71,RU,1667702760
426,soe,-9.8607,124.284,30.67,38,34,2.67,ID,1667702761
427,nyurba,63.2842,118.3319,-16.35,92,91,1.19,RU,1667702761
428,olafsvik,64.8945,-23.7142,4.25,65,60,4.08,IS,1667702762
429,awjilah,29.1081,21.2869,19.08,41,2,5.55,LY,1667702763
430,guarda,40.5373,-7.2658,5.04,60,10,1.46,PT,1667702557
431,dicabisagan,17.0818,122.4157,29.25,70,17,2.7,PH,1667702764
432,svetlogorsk,52.6333,29.7333,1.97,80,100,5.7,BY,1667702764
433,te anau,-45.4167,167.7167,17.44,42,12,1.63,NZ,1667702765
434,katangli,51.7102,143.2326,-1.98,47,21,7.25,RU,1667702767
435,bawku,11.0616,-0.2417,25.4,34,84,2.3,GH,1667702767
436,surab,28.4914,66.2585,14.35,32,100,1.45,PK,1667702768
437,banikoara,11.2985,2.4386,22.4,32,90,2.19,BJ,1667702769
438,harper,4.375,-7.7169,25.25,87,81,3.08,LR,1667702770
439,si sa ket,14.8333,104.3333,28.26,65,49,2.52,TH,1667702770
440,aykhal,66.0,111.5,-19.29,100,99,1.03,RU,1667702771
441,marang,5.2056,103.2059,28.87,81,99,2.36,MY,1667702772
442,eyl,7.9803,49.8164,24.75,74,19,3.88,SO,1667702772
443,calama,-22.4667,-68.9333,10.27,25,0,3.09,CL,1667702720
444,sambava,-14.2667,50.1667,21.32,85,16,2.54,MG,1667702773
445,tigil,57.8,158.6667,-0.32,88,100,7.23,RU,1667702774
446,kilindoni,-7.9139,39.6668,25.1,79,7,3.68,TZ,1667702774
447,can,40.0333,27.0524,13.49,69,100,1.54,TR,1667702775
448,kodinsk,58.6881,99.1844,-3.39,84,100,1.51,RU,1667702776
449,tiarei,-17.5333,-149.3333,24.01,96,100,14.6,PF,1667702777
450,nkowakowa,-23.8878,30.2871,19.82,89,89,2.04,ZA,1667702778
451,batabano,22.7164,-82.2881,21.34,82,2,4.28,CU,1667702778
452,mnogovershinnyy,53.9353,139.9242,-6.85,83,83,8.32,RU,1667702779
453,manggar,-2.8833,108.2667,24.76,92,100,3.61,ID,1667702780
454,coihaique,-45.5752,-72.0662,14.34,76,40,2.06,CL,1667702734
455,zholymbet,51.7433,71.7122,-3.2,78,10,8.36,KZ,1667702781
456,burnie,-41.0667,145.9167,18.3,69,80,2.84,AU,1667702781
457,rabaul,-4.1967,152.1721,27.94,76,100,2.78,PG,1667702783
458,effingham,32.3669,-81.3332,22.25,93,98,2.14,US,1667702783
459,ruwi,23.5996,58.5507,24.83,52,92,1.74,OM,1667702784
460,tomaszow lubelski,50.4477,23.4162,7.87,96,100,2.66,PL,1667702784
461,nhulunbuy,-12.2333,136.7667,34.34,49,40,3.6,AU,1667702738
462,monrovia,6.3005,-10.7969,25.15,82,33,1.8,LR,1667702785
463,kontagora,10.3999,5.4695,21.28,31,100,1.75,NG,1667702786
464,praia da vitoria,38.7333,-27.0667,15.42,94,20,3.05,PT,1667702786
465,porto santo,33.072,-16.3415,19.21,88,75,1.54,PT,1667702789
466,ilorin,8.5,4.55,23.62,59,100,0.18,NG,1667702790
467,nizwa,22.9333,57.5333,21.83,52,43,0.5,OM,1667702790
468,aras,42.5617,-2.356,2.23,93,0,0.0,ES,1667702790
469,sobral,-3.6861,-40.3497,26.89,67,100,1.7,BR,1667702791
470,constitucion,-35.3333,-72.4167,10.03,88,11,4.52,CL,1667702792
471,san juan,-31.5375,-68.5364,25.3,24,13,9.98,AR,1667702792
472,simbahan,6.3032,120.5836,28.91,69,100,2.57,PH,1667702793
473,qasigiannguit,68.8193,-51.1922,-3.86,84,100,3.58,GL,1667702794
474,katherine,-14.4667,132.2667,35.18,31,5,4.63,AU,1667702794
475,kulhudhuffushi,6.6221,73.07,27.17,69,93,1.18,MV,1667702796
476,aktash,50.3,87.7333,-4.81,70,100,1.95,RU,1667702796
477,bowen,-20.0167,148.2333,27.02,58,7,9.15,AU,1667702797
478,ilulissat,69.2167,-51.1,-3.99,63,100,5.14,GL,1667702653
479,merauke,-8.4667,140.3333,30.75,63,99,2.9,ID,1667702798
480,yenagoa,4.9247,6.2642,24.08,93,100,1.42,NG,1667702799
481,cherskiy,68.75,161.3,-14.97,92,100,4.24,RU,1667702444
482,bardiyah,31.7561,25.0865,18.49,48,0,6.71,LY,1667702799
483,touros,-5.1989,-35.4608,25.19,83,87,4.31,BR,1667702385
484,san carlos,9.6612,-68.5827,21.52,94,100,0.89,VE,1667702800
485,hofn,64.2539,-15.2082,4.97,82,96,7.0,IS,1667702801
486,nabire,-3.3667,135.4833,26.02,87,100,1.78,ID,1667702802
487,piacabucu,-10.4056,-36.4344,23.78,90,86,4.61,BR,1667702802
488,shablykino,52.8566,35.1964,-1.94,89,37,2.9,RU,1667702802
489,yerbogachen,61.2767,108.0108,-7.96,88,99,4.71,RU,1667702803
490,hami,42.8,93.45,10.22,23,100,1.67,CN,1667702804
491,puli,23.9664,120.9695,27.34,61,4,2.2,TW,1667702805
492,ixtapa,20.7,-105.2,21.07,94,25,1.2,MX,1667702805
493,kindu,-2.95,25.95,19.45,99,100,0.26,CD,1667702806
494,freeport,40.6576,-73.5832,20.16,83,100,5.66,US,1667702578
495,pahrump,36.2083,-115.9839,16.84,34,3,1.34,US,1667702806
496,ahipara,-35.1667,173.1667,19.11,57,100,0.75,NZ,1667702787
497,soanierana ivongo,-16.9167,49.5833,22.59,77,36,0.44,MG,1667702807
498,ornskoldsvik,63.2909,18.7153,5.53,100,100,5.14,SE,1667702808
499,quatre cocos,-20.2078,57.7625,23.94,76,18,4.78,MU,1667702809
500,marawi,7.9986,124.2928,25.95,76,66,1.49,PH,1667702809
501,naryan-mar,67.6713,53.087,-0.35,93,92,2.46,RU,1667702810
502,waingapu,-9.6567,120.2641,30.83,61,100,3.8,ID,1667702811
503,glauchau,50.8167,12.5333,6.29,95,69,2.06,DE,1667702811
504,sao felix do xingu,-6.6447,-51.995,22.12,98,100,0.09,BR,1667702812
505,safaga,26.7292,33.9365,21.91,55,97,4.25,EG,1667702782
506,deputatskiy,69.3,139.9,-20.33,95,100,3.53,RU,1667702813
507,walvis bay,-22.9575,14.5053,16.53,88,100,2.57,NA,1667702814
508,mwaro,-3.5,29.6667,14.22,89,100,1.1,BI,1667702814
509,abu dhabi,24.4667,54.3667,25.01,73,0,2.06,AE,1667702771
510,vao,-22.6667,167.4833,24.82,83,14,4.85,NC,1667702815
511,fenton,42.7978,-83.7049,18.13,58,0,11.32,US,1667702537
512,dunedin,-45.8742,170.5036,13.78,60,32,2.24,NZ,1667702817
513,north bend,43.4065,-124.2243,9.58,99,100,0.95,US,1667702719
514,tongliao,43.6125,122.2653,7.59,25,100,2.54,CN,1667702818
515,moron,-34.6534,-58.6198,20.86,65,49,4.05,AR,1667702818
516,filingue,14.3521,3.3168,25.28,17,89,4.03,NE,1667702819
517,adre,13.4667,22.2,20.61,26,86,3.45,TD,1667702819
518,eyrarbakki,63.863,-21.1481,5.03,65,98,7.25,IS,1667702820
519,kwinana,-32.25,115.7667,23.52,50,76,0.89,AU,1667702821
520,kuytun,54.3419,101.5036,-0.98,78,98,1.84,RU,1667702821
521,launceston,-41.45,147.1667,22.56,49,40,6.17,AU,1667702822
522,bodden town,19.2833,-81.25,27.0,75,20,2.57,KY,1667702822
523,junagarh,19.8667,82.9333,22.48,63,17,0.71,IN,1667702823
524,guhagar,17.4842,73.1929,25.88,56,26,3.25,IN,1667702824
525,sabang,5.8933,95.3214,27.28,75,97,5.38,ID,1667702824
526,jelah,44.6542,17.9581,8.79,96,100,2.28,BA,1667702825
527,jalpa,21.6333,-102.9667,18.22,32,0,1.35,MX,1667702826
528,grafton,42.207,-71.6856,18.87,84,75,4.12,US,1667702827
529,kudahuvadhoo,2.6708,72.8944,27.24,77,96,5.08,MV,1667702827
530,marsa matruh,31.3525,27.2453,16.11,72,0,2.57,EG,1667702828
531,nybro,56.7446,15.9071,8.36,95,75,3.69,SE,1667702829
532,raudeberg,61.9875,5.1352,6.64,1,96,5.21,NO,1667702830
533,kaitangata,-46.2817,169.8464,12.71,58,21,3.61,NZ,1667702831
534,bubaque,11.2833,-15.8333,28.17,66,9,4.44,GW,1667702831
535,belomorsk,64.5232,34.7668,-1.42,90,41,3.65,RU,1667702832
536,saryozek,44.3583,77.9753,7.54,79,100,0.98,KZ,1667702833
537,zomergem,51.1277,3.5553,10.95,76,100,7.13,BE,1667702834
538,erdenet,49.0333,104.0833,-0.9,46,26,1.36,MN,1667702835
539,mayumba,-3.432,10.6554,24.46,91,84,2.77,GA,1667702835
540,kamareddi,18.3167,78.35,22.2,55,87,1.5,IN,1667702836
541,eureka,40.8021,-124.1637,11.63,94,100,1.34,US,1667702837
542,sakakah,29.9697,40.2064,17.76,46,2,3.52,SA,1667702838
543,kalmunai,7.4167,81.8167,27.1,77,91,1.81,LK,1667702839
544,nikko,36.75,139.6167,12.63,49,3,2.43,JP,1667702840
545,fairbanks,64.8378,-147.7164,-15.57,86,0,0.0,US,1667702679
546,milkovo,54.7167,158.6167,1.86,79,9,1.97,RU,1667702840
547,pandan niog,6.2282,120.5631,28.91,70,100,2.46,PH,1667702841
548,schenectady,42.8334,-74.0829,19.22,82,100,0.45,US,1667702739
549,awbari,26.5921,12.7805,15.93,28,0,2.91,LY,1667702843
550,beatrice,40.2681,-96.747,11.21,62,0,8.75,US,1667702844
551,theunissen,-28.411,26.7011,13.29,71,0,3.78,ZA,1667702845
552,buin,-33.7333,-70.75,18.74,71,82,0.67,CL,1667702846
553,hervey bay,-25.2986,152.8535,23.13,56,7,8.0,AU,1667702846
554,greece,43.2098,-77.6931,23.27,65,75,8.23,US,1667702848
555,chernogorsk,53.8236,91.2842,-2.24,100,100,0.0,RU,1667702850
556,maralal,1.0968,36.698,13.83,91,53,2.69,KE,1667702850
557,aqtobe,50.2797,57.2072,-2.95,93,100,0.0,KZ,1667702851
558,liepaja,56.5419,21.0367,4.99,100,75,1.03,LV,1667702851
559,losal,27.4,74.9167,24.39,24,100,2.87,IN,1667702852
560,arona,28.0996,-16.681,17.29,85,20,2.57,ES,1667702852
561,ambulu,-8.345,113.6058,27.37,81,100,1.39,ID,1667702853
562,tacuarembo,-31.7333,-55.9833,12.23,91,0,3.35,UY,1667702854
563,termoli,41.9888,14.9895,11.54,91,100,9.09,IT,1667702855
564,tabory,58.5198,64.5495,-8.96,95,52,2.98,RU,1667702856
565,coxim,-18.5067,-54.76,21.42,45,0,1.77,BR,1667702856
566,scottsbluff,41.8666,-103.6672,12.13,40,0,9.77,US,1667702857
567,tornio,65.8481,24.1466,0.01,82,100,5.43,FI,1667702859
568,along,28.1667,94.7667,22.2,51,0,0.23,IN,1667702859
569,viking,53.1001,-111.7684,-8.85,83,100,8.21,CA,1667702860
570,port augusta,-32.5,137.7667,29.19,18,30,0.87,AU,1667702860
571,teahupoo,-17.8333,-149.2667,20.98,93,100,13.31,PF,1667702861
572,sept-iles,50.2001,-66.3821,9.29,93,100,1.54,CA,1667702470
573,ayan,56.45,138.1667,-5.18,47,23,8.21,RU,1667702862
574,saint-honore,48.5334,-71.0824,19.01,71,91,3.6,CA,1667702863
